filename,bytes,w,h,sha1,origin_url,cf_link,cf_link_enc
afisler.aspx_001.webp,209530,1127,1690,ea49f52ba29383b5feffbf6f51368351400517e7,https://cdn1.bim.com.tr/uploads/afisler/6f3ff65a-ceda-42c5-8615-78411e87fa72.jpg,"https://resimler-211.pages.dev/Brochures/Brochures/BIM/cdn-cgi/image/format=auto,quality=85/https://cdn1.bim.com.tr/uploads/afisler/6f3ff65a-ceda-42c5-8615-78411e87fa72.jpg","https://resimler-211.pages.dev/Brochures/Brochures/BIM/cdn-cgi/image/format=auto,quality=85/https%3A%2F%2Fcdn1.bim.com.tr%2Fuploads%2Fafisler%2F6f3ff65a-ceda-42c5-8615-78411e87fa72.jpg"
afisler.aspx_002.webp,288916,1127,1690,833e1ddae8bd4bf592986b7f77430f62f418f05f,https://cdn1.bim.com.tr/uploads/afisler/6c13fc85-3185-4cae-aba6-1a8a3e1075db.jpg,"https://resimler-211.pages.dev/Brochures/Brochures/BIM/cdn-cgi/image/format=auto,quality=85/https://cdn1.bim.com.tr/uploads/afisler/6c13fc85-3185-4cae-aba6-1a8a3e1075db.jpg","https://resimler-211.pages.dev/Brochures/Brochures/BIM/cdn-cgi/image/format=auto,quality=85/https%3A%2F%2Fcdn1.bim.com.tr%2Fuploads%2Fafisler%2F6c13fc85-3185-4cae-aba6-1a8a3e1075db.jpg"
afisler.aspx_003.webp,201624,1127,1690,0cc37b3c9ebda2490608affd6734464ec4c01b57,https://cdn1.bim.com.tr/uploads/afisler/c0c53256-498a-4eaf-8923-3d12330044b5.jpg,"https://resimler-211.pages.dev/Brochures/Brochures/BIM/cdn-cgi/image/format=auto,quality=85/https://cdn1.bim.com.tr/uploads/afisler/c0c53256-498a-4eaf-8923-3d12330044b5.jpg","https://resimler-211.pages.dev/Brochures/Brochures/BIM/cdn-cgi/image/format=auto,quality=85/https%3A%2F%2Fcdn1.bim.com.tr%2Fuploads%2Fafisler%2Fc0c53256-498a-4eaf-8923-3d12330044b5.jpg"
afisler.aspx_004.webp,205776,1127,1690,b2bf5aa8f57797dc292cd6efc459e61a2a4bcc48,https://cdn1.bim.com.tr/uploads/afisler/2ec59a3f-386a-4165-b119-6e998a286f79.jpg,"https://resimler-211.pages.dev/Brochures/Brochures/BIM/cdn-cgi/image/format=auto,quality=85/https://cdn1.bim.com.tr/uploads/afisler/2ec59a3f-386a-4165-b119-6e998a286f79.jpg","https://resimler-211.pages.dev/Brochures/Brochures/BIM/cdn-cgi/image/format=auto,quality=85/https%3A%2F%2Fcdn1.bim.com.tr%2Fuploads%2Fafisler%2F2ec59a3f-386a-4165-b119-6e998a286f79.jpg"
afisler.aspx_005.webp,237864,1127,1690,9ab72526527a1a741994680d139dde6445dac351,https://cdn1.bim.com.tr/uploads/afisler/0b37e912-6eb6-4e82-a86a-e546aead1aa4.jpg,"https://resimler-211.pages.dev/Brochures/Brochures/BIM/cdn-cgi/image/format=auto,quality=85/https://cdn1.bim.com.tr/uploads/afisler/0b37e912-6eb6-4e82-a86a-e546aead1aa4.jpg","https://resimler-211.pages.dev/Brochures/Brochures/BIM/cdn-cgi/image/format=auto,quality=85/https%3A%2F%2Fcdn1.bim.com.tr%2Fuploads%2Fafisler%2F0b37e912-6eb6-4e82-a86a-e546aead1aa4.jpg"
afisler.aspx_006.webp,284634,1127,1690,cc0a38be888bfa80fb8fef01c98974ba24fbd133,https://cdn1.bim.com.tr/uploads/afisler/155a4ae3-cc62-4b2d-9fac-9942187aa30f.jpg,"https://resimler-211.pages.dev/Brochures/Brochures/BIM/cdn-cgi/image/format=auto,quality=85/https://cdn1.bim.com.tr/uploads/afisler/155a4ae3-cc62-4b2d-9fac-9942187aa30f.jpg","https://resimler-211.pages.dev/Brochures/Brochures/BIM/cdn-cgi/image/format=auto,quality=85/https%3A%2F%2Fcdn1.bim.com.tr%2Fuploads%2Fafisler%2F155a4ae3-cc62-4b2d-9fac-9942187aa30f.jpg"
afisler.aspx_007.webp,327588,1127,1690,51eb227e93b013e414a8f1b835b2bbabeb0e69e8,https://cdn1.bim.com.tr/uploads/afisler/101a5bd4-5fa2-4bc9-a986-444edfae2a8b.jpg,"https://resimler-211.pages.dev/Brochures/Brochures/BIM/cdn-cgi/image/format=auto,quality=85/https://cdn1.bim.com.tr/uploads/afisler/101a5bd4-5fa2-4bc9-a986-444edfae2a8b.jpg","https://resimler-211.pages.dev/Brochures/Brochures/BIM/cdn-cgi/image/format=auto,quality=85/https%3A%2F%2Fcdn1.bim.com.tr%2Fuploads%2Fafisler%2F101a5bd4-5fa2-4bc9-a986-444edfae2a8b.jpg"
afisler.aspx_008.webp,176014,1127,1690,703e02be7d46a842f9e110bbb9537edf767c5f00,https://cdn1.bim.com.tr/uploads/afisler/0692e3c8-4ff6-41f7-b57e-a6772d25354f.jpg,"https://resimler-211.pages.dev/Brochures/Brochures/BIM/cdn-cgi/image/format=auto,quality=85/https://cdn1.bim.com.tr/uploads/afisler/0692e3c8-4ff6-41f7-b57e-a6772d25354f.jpg","https://resimler-211.pages.dev/Brochures/Brochures/BIM/cdn-cgi/image/format=auto,quality=85/https%3A%2F%2Fcdn1.bim.com.tr%2Fuploads%2Fafisler%2F0692e3c8-4ff6-41f7-b57e-a6772d25354f.jpg"
afisler.aspx_009.webp,282674,1127,1690,ab9af0acd1d131643c3370644c58f696f3126e78,https://cdn1.bim.com.tr/uploads/afisler/20488a50-1c3d-47d8-b9e2-70978ae29634.jpg,"https://resimler-211.pages.dev/Brochures/Brochures/BIM/cdn-cgi/image/format=auto,quality=85/https://cdn1.bim.com.tr/uploads/afisler/20488a50-1c3d-47d8-b9e2-70978ae29634.jpg","https://resimler-211.pages.dev/Brochures/Brochures/BIM/cdn-cgi/image/format=auto,quality=85/https%3A%2F%2Fcdn1.bim.com.tr%2Fuploads%2Fafisler%2F20488a50-1c3d-47d8-b9e2-70978ae29634.jpg"
afisler.aspx_010.webp,294874,1127,1690,f3cf83da2d83debe3458fbdadc68232de28488ab,https://cdn1.bim.com.tr/uploads/afisler/9dc540d4-d5ee-4a45-8d6b-1b7c3b40c5f7.jpg,"https://resimler-211.pages.dev/Brochures/Brochures/BIM/cdn-cgi/image/format=auto,quality=85/https://cdn1.bim.com.tr/uploads/afisler/9dc540d4-d5ee-4a45-8d6b-1b7c3b40c5f7.jpg","https://resimler-211.pages.dev/Brochures/Brochures/BIM/cdn-cgi/image/format=auto,quality=85/https%3A%2F%2Fcdn1.bim.com.tr%2Fuploads%2Fafisler%2F9dc540d4-d5ee-4a45-8d6b-1b7c3b40c5f7.jpg"
afisler.aspx_011.webp,308078,1127,1690,da71ae2af407c7189b39c349828544ea4fdcbb76,https://cdn1.bim.com.tr/uploads/afisler/5e8bb693-7402-4dd0-83ca-d63840d8cbe9.jpg,"https://resimler-211.pages.dev/Brochures/Brochures/BIM/cdn-cgi/image/format=auto,quality=85/https://cdn1.bim.com.tr/uploads/afisler/5e8bb693-7402-4dd0-83ca-d63840d8cbe9.jpg","https://resimler-211.pages.dev/Brochures/Brochures/BIM/cdn-cgi/image/format=auto,quality=85/https%3A%2F%2Fcdn1.bim.com.tr%2Fuploads%2Fafisler%2F5e8bb693-7402-4dd0-83ca-d63840d8cbe9.jpg"
afisler.aspx_012.webp,269426,1127,1690,d3621cf0b25b284eaa9dd7a8764d2832aec1c2b8,https://cdn1.bim.com.tr/uploads/afisler/0ce7f12e-89c1-4f16-9e1e-3af38099381a.jpg,"https://resimler-211.pages.dev/Brochures/Brochures/BIM/cdn-cgi/image/format=auto,quality=85/https://cdn1.bim.com.tr/uploads/afisler/0ce7f12e-89c1-4f16-9e1e-3af38099381a.jpg","https://resimler-211.pages.dev/Brochures/Brochures/BIM/cdn-cgi/image/format=auto,quality=85/https%3A%2F%2Fcdn1.bim.com.tr%2Fuploads%2Fafisler%2F0ce7f12e-89c1-4f16-9e1e-3af38099381a.jpg"
afisler.aspx_013.webp,223738,1127,1690,7005a285f7a88854f91e147e1b79a6fffbdf50db,https://cdn1.bim.com.tr/uploads/afisler/4eb14690-ca4d-4aa5-b5e9-b67b122fbdff.jpg,"https://resimler-211.pages.dev/Brochures/Brochures/BIM/cdn-cgi/image/format=auto,quality=85/https://cdn1.bim.com.tr/uploads/afisler/4eb14690-ca4d-4aa5-b5e9-b67b122fbdff.jpg","https://resimler-211.pages.dev/Brochures/Brochures/BIM/cdn-cgi/image/format=auto,quality=85/https%3A%2F%2Fcdn1.bim.com.tr%2Fuploads%2Fafisler%2F4eb14690-ca4d-4aa5-b5e9-b67b122fbdff.jpg"
afisler.aspx_014.webp,313974,1127,1690,b732646253a749200804504aee0d0e4f5a626102,https://cdn1.bim.com.tr/uploads/afisler/ccffac20-5e3e-4507-b7de-779ed533bfc1.jpg,"https://resimler-211.pages.dev/Brochures/Brochures/BIM/cdn-cgi/image/format=auto,quality=85/https://cdn1.bim.com.tr/uploads/afisler/ccffac20-5e3e-4507-b7de-779ed533bfc1.jpg","https://resimler-211.pages.dev/Brochures/Brochures/BIM/cdn-cgi/image/format=auto,quality=85/https%3A%2F%2Fcdn1.bim.com.tr%2Fuploads%2Fafisler%2Fccffac20-5e3e-4507-b7de-779ed533bfc1.jpg"
afisler.aspx_015.webp,316188,1127,1690,556eeb738957532a1a2e038fd6787b53ad2daf57,https://cdn1.bim.com.tr/uploads/afisler/3cb757f9-1258-4e37-887a-a76a0183c315.jpg,"https://resimler-211.pages.dev/Brochures/Brochures/BIM/cdn-cgi/image/format=auto,quality=85/https://cdn1.bim.com.tr/uploads/afisler/3cb757f9-1258-4e37-887a-a76a0183c315.jpg","https://resimler-211.pages.dev/Brochures/Brochures/BIM/cdn-cgi/image/format=auto,quality=85/https%3A%2F%2Fcdn1.bim.com.tr%2Fuploads%2Fafisler%2F3cb757f9-1258-4e37-887a-a76a0183c315.jpg"
afisler.aspx_016.webp,245924,1127,1690,01634e30ba4df6e67adcfd20fef94534d4532fd6,https://cdn1.bim.com.tr/uploads/afisler/a91eee9a-a1b5-4e50-b266-a60b776f403c.jpg,"https://resimler-211.pages.dev/Brochures/Brochures/BIM/cdn-cgi/image/format=auto,quality=85/https://cdn1.bim.com.tr/uploads/afisler/a91eee9a-a1b5-4e50-b266-a60b776f403c.jpg","https://resimler-211.pages.dev/Brochures/Brochures/BIM/cdn-cgi/image/format=auto,quality=85/https%3A%2F%2Fcdn1.bim.com.tr%2Fuploads%2Fafisler%2Fa91eee9a-a1b5-4e50-b266-a60b776f403c.jpg"
afisler.aspx_017.webp,255552,1127,1690,3147d50dd8c3c18e12f098d67e2edb859c3ef24a,https://cdn1.bim.com.tr/uploads/afisler/0a45cd49-9491-4efe-a63c-54e0631e9aa3.jpg,"https://resimler-211.pages.dev/Brochures/Brochures/BIM/cdn-cgi/image/format=auto,quality=85/https://cdn1.bim.com.tr/uploads/afisler/0a45cd49-9491-4efe-a63c-54e0631e9aa3.jpg","https://resimler-211.pages.dev/Brochures/Brochures/BIM/cdn-cgi/image/format=auto,quality=85/https%3A%2F%2Fcdn1.bim.com.tr%2Fuploads%2Fafisler%2F0a45cd49-9491-4efe-a63c-54e0631e9aa3.jpg"
afisler.aspx_018.webp,296506,1127,1690,3d5acc3049f9e75527fd3cd51f41b3d3a6806d8a,https://cdn1.bim.com.tr/uploads/afisler/9d07dfd2-ad87-4165-86d7-6923ac15b18d.jpg,"https://resimler-211.pages.dev/Brochures/Brochures/BIM/cdn-cgi/image/format=auto,quality=85/https://cdn1.bim.com.tr/uploads/afisler/9d07dfd2-ad87-4165-86d7-6923ac15b18d.jpg","https://resimler-211.pages.dev/Brochures/Brochures/BIM/cdn-cgi/image/format=auto,quality=85/https%3A%2F%2Fcdn1.bim.com.tr%2Fuploads%2Fafisler%2F9d07dfd2-ad87-4165-86d7-6923ac15b18d.jpg"
afisler.aspx_019.webp,306088,1127,1690,a3ab05673bd111f56a1293a4ca70e7cdcf874140,https://cdn1.bim.com.tr/uploads/afisler/4ad446a6-cd30-43e0-aca0-6b855cbe6db6.jpg,"https://resimler-211.pages.dev/Brochures/Brochures/BIM/cdn-cgi/image/format=auto,quality=85/https://cdn1.bim.com.tr/uploads/afisler/4ad446a6-cd30-43e0-aca0-6b855cbe6db6.jpg","https://resimler-211.pages.dev/Brochures/Brochures/BIM/cdn-cgi/image/format=auto,quality=85/https%3A%2F%2Fcdn1.bim.com.tr%2Fuploads%2Fafisler%2F4ad446a6-cd30-43e0-aca0-6b855cbe6db6.jpg"
afisler.aspx_020.webp,267208,1127,1690,5e40a9680fce0729734aaf1389b44b98810efe05,https://cdn1.bim.com.tr/uploads/afisler/3527123b-d8c2-4a4d-a3b5-603ed899d088.jpg,"https://resimler-211.pages.dev/Brochures/Brochures/BIM/cdn-cgi/image/format=auto,quality=85/https://cdn1.bim.com.tr/uploads/afisler/3527123b-d8c2-4a4d-a3b5-603ed899d088.jpg","https://resimler-211.pages.dev/Brochures/Brochures/BIM/cdn-cgi/image/format=auto,quality=85/https%3A%2F%2Fcdn1.bim.com.tr%2Fuploads%2Fafisler%2F3527123b-d8c2-4a4d-a3b5-603ed899d088.jpg"
afisler.aspx_021.webp,306992,1127,1690,27956c966baa4fff0c6d38ebbd1f53dd85005ba5,https://cdn1.bim.com.tr/uploads/afisler/48db8623-02dc-4c24-874a-15aceeb13536.jpg,"https://resimler-211.pages.dev/Brochures/Brochures/BIM/cdn-cgi/image/format=auto,quality=85/https://cdn1.bim.com.tr/uploads/afisler/48db8623-02dc-4c24-874a-15aceeb13536.jpg","https://resimler-211.pages.dev/Brochures/Brochures/BIM/cdn-cgi/image/format=auto,quality=85/https%3A%2F%2Fcdn1.bim.com.tr%2Fuploads%2Fafisler%2F48db8623-02dc-4c24-874a-15aceeb13536.jpg"
afisler.aspx_022.webp,198774,1127,1690,d031e9a04937e4aedd025fdc88841a73e986caa8,https://cdn1.bim.com.tr/uploads/afisler/d23c4dad-4059-4fe4-8f6d-92670eb6ede8.png,"https://resimler-211.pages.dev/Brochures/Brochures/BIM/cdn-cgi/image/format=auto,quality=85/https://cdn1.bim.com.tr/uploads/afisler/d23c4dad-4059-4fe4-8f6d-92670eb6ede8.png","https://resimler-211.pages.dev/Brochures/Brochures/BIM/cdn-cgi/image/format=auto,quality=85/https%3A%2F%2Fcdn1.bim.com.tr%2Fuploads%2Fafisler%2Fd23c4dad-4059-4fe4-8f6d-92670eb6ede8.png"
afisler.aspx_023.webp,327994,1127,1690,bdc18cb0ec59afedaa5b0b969f5eff29a16e15c9,https://cdn1.bim.com.tr/uploads/afisler/b83ca881-40dc-4cae-8a61-78aeeeaaf5a3.jpg,"https://resimler-211.pages.dev/Brochures/Brochures/BIM/cdn-cgi/image/format=auto,quality=85/https://cdn1.bim.com.tr/uploads/afisler/b83ca881-40dc-4cae-8a61-78aeeeaaf5a3.jpg","https://resimler-211.pages.dev/Brochures/Brochures/BIM/cdn-cgi/image/format=auto,quality=85/https%3A%2F%2Fcdn1.bim.com.tr%2Fuploads%2Fafisler%2Fb83ca881-40dc-4cae-8a61-78aeeeaaf5a3.jpg"
afisler.aspx_024.webp,307130,1127,1690,0f1c056acd52ae54d93c956bf689983ca89fe56f,https://cdn1.bim.com.tr/uploads/afisler/7cd9b2c6-a017-408d-9340-bb5cd0ff8181.jpg,"https://resimler-211.pages.dev/Brochures/Brochures/BIM/cdn-cgi/image/format=auto,quality=85/https://cdn1.bim.com.tr/uploads/afisler/7cd9b2c6-a017-408d-9340-bb5cd0ff8181.jpg","https://resimler-211.pages.dev/Brochures/Brochures/BIM/cdn-cgi/image/format=auto,quality=85/https%3A%2F%2Fcdn1.bim.com.tr%2Fuploads%2Fafisler%2F7cd9b2c6-a017-408d-9340-bb5cd0ff8181.jpg"
afisler.aspx_025.webp,301184,1127,1690,276f43ee57c42c716e9bafae83970cace8207732,https://cdn1.bim.com.tr/uploads/afisler/e40e3da8-dfd6-4547-b16c-9ccbc6fc2960.jpg,"https://resimler-211.pages.dev/Brochures/Brochures/BIM/cdn-cgi/image/format=auto,quality=85/https://cdn1.bim.com.tr/uploads/afisler/e40e3da8-dfd6-4547-b16c-9ccbc6fc2960.jpg","https://resimler-211.pages.dev/Brochures/Brochures/BIM/cdn-cgi/image/format=auto,quality=85/https%3A%2F%2Fcdn1.bim.com.tr%2Fuploads%2Fafisler%2Fe40e3da8-dfd6-4547-b16c-9ccbc6fc2960.jpg"
afisler.aspx_026.webp,200266,1127,1690,531696ce50ac0da86da99099ad3babee2f426ed5,https://cdn1.bim.com.tr/uploads/afisler/446e8d01-dd86-4b79-8a33-66d7b2fb3ac4.jpg,"https://resimler-211.pages.dev/Brochures/Brochures/BIM/cdn-cgi/image/format=auto,quality=85/https://cdn1.bim.com.tr/uploads/afisler/446e8d01-dd86-4b79-8a33-66d7b2fb3ac4.jpg","https://resimler-211.pages.dev/Brochures/Brochures/BIM/cdn-cgi/image/format=auto,quality=85/https%3A%2F%2Fcdn1.bim.com.tr%2Fuploads%2Fafisler%2F446e8d01-dd86-4b79-8a33-66d7b2fb3ac4.jpg"
afisler.aspx_027.webp,246260,1127,1690,1e685e919797a7e9e41d561624d1e115da5845cc,https://cdn1.bim.com.tr/uploads/afisler/f6402441-7495-47b9-be04-9f48ed3f3186.jpg,"https://resimler-211.pages.dev/Brochures/Brochures/BIM/cdn-cgi/image/format=auto,quality=85/https://cdn1.bim.com.tr/uploads/afisler/f6402441-7495-47b9-be04-9f48ed3f3186.jpg","https://resimler-211.pages.dev/Brochures/Brochures/BIM/cdn-cgi/image/format=auto,quality=85/https%3A%2F%2Fcdn1.bim.com.tr%2Fuploads%2Fafisler%2Ff6402441-7495-47b9-be04-9f48ed3f3186.jpg"
afisler.aspx_028.webp,263632,1127,1690,f7348d25b07250baa9c71e0743a0f526c9b16491,https://cdn1.bim.com.tr/uploads/afisler/1cb37f43-ab1f-400e-9dda-524856352ee4.jpg,"https://resimler-211.pages.dev/Brochures/Brochures/BIM/cdn-cgi/image/format=auto,quality=85/https://cdn1.bim.com.tr/uploads/afisler/1cb37f43-ab1f-400e-9dda-524856352ee4.jpg","https://resimler-211.pages.dev/Brochures/Brochures/BIM/cdn-cgi/image/format=auto,quality=85/https%3A%2F%2Fcdn1.bim.com.tr%2Fuploads%2Fafisler%2F1cb37f43-ab1f-400e-9dda-524856352ee4.jpg"
afisler.aspx_029.webp,260794,1127,1690,b12b0439697d5afe70852a4f925b0c1122e14277,https://cdn1.bim.com.tr/uploads/afisler/02f72c76-de00-4ccf-84a5-cc1f05fc46b7.jpg,"https://resimler-211.pages.dev/Brochures/Brochures/BIM/cdn-cgi/image/format=auto,quality=85/https://cdn1.bim.com.tr/uploads/afisler/02f72c76-de00-4ccf-84a5-cc1f05fc46b7.jpg","https://resimler-211.pages.dev/Brochures/Brochures/BIM/cdn-cgi/image/format=auto,quality=85/https%3A%2F%2Fcdn1.bim.com.tr%2Fuploads%2Fafisler%2F02f72c76-de00-4ccf-84a5-cc1f05fc46b7.jpg"
afisler.aspx_030.webp,280826,1127,1690,fab46fde5c4b08dfe8dc504d5ec9c538d3277213,https://cdn1.bim.com.tr/uploads/afisler/22da8795-fe00-465b-822d-25d9c821a3df.jpg,"https://resimler-211.pages.dev/Brochures/Brochures/BIM/cdn-cgi/image/format=auto,quality=85/https://cdn1.bim.com.tr/uploads/afisler/22da8795-fe00-465b-822d-25d9c821a3df.jpg","https://resimler-211.pages.dev/Brochures/Brochures/BIM/cdn-cgi/image/format=auto,quality=85/https%3A%2F%2Fcdn1.bim.com.tr%2Fuploads%2Fafisler%2F22da8795-fe00-465b-822d-25d9c821a3df.jpg"
afisler.aspx_031.webp,288680,1127,1690,8244a48eee8fd23553cc8d5a8f32dc63d6ca7415,https://cdn1.bim.com.tr/uploads/afisler/06f54d85-1eca-4f88-aebb-deef89b46b1d.jpg,"https://resimler-211.pages.dev/Brochures/Brochures/BIM/cdn-cgi/image/format=auto,quality=85/https://cdn1.bim.com.tr/uploads/afisler/06f54d85-1eca-4f88-aebb-deef89b46b1d.jpg","https://resimler-211.pages.dev/Brochures/Brochures/BIM/cdn-cgi/image/format=auto,quality=85/https%3A%2F%2Fcdn1.bim.com.tr%2Fuploads%2Fafisler%2F06f54d85-1eca-4f88-aebb-deef89b46b1d.jpg"
afisler.aspx_032.webp,319930,1127,1690,7094fd44f3793303b5eb0f7535b473cb9d834e5b,https://cdn1.bim.com.tr/uploads/afisler/5f976c37-e93e-4d10-a04d-55cd183cc8a3.jpg,"https://resimler-211.pages.dev/Brochures/Brochures/BIM/cdn-cgi/image/format=auto,quality=85/https://cdn1.bim.com.tr/uploads/afisler/5f976c37-e93e-4d10-a04d-55cd183cc8a3.jpg","https://resimler-211.pages.dev/Brochures/Brochures/BIM/cdn-cgi/image/format=auto,quality=85/https%3A%2F%2Fcdn1.bim.com.tr%2Fuploads%2Fafisler%2F5f976c37-e93e-4d10-a04d-55cd183cc8a3.jpg"
afisler.aspx_033.webp,281630,1127,1690,0b83c3680d1f749a632405c8396ccb59b60b5c7b,https://cdn1.bim.com.tr/uploads/afisler/10bc1325-63e4-4b2a-90ca-a8f70ed96c75.jpg,"https://resimler-211.pages.dev/Brochures/Brochures/BIM/cdn-cgi/image/format=auto,quality=85/https://cdn1.bim.com.tr/uploads/afisler/10bc1325-63e4-4b2a-90ca-a8f70ed96c75.jpg","https://resimler-211.pages.dev/Brochures/Brochures/BIM/cdn-cgi/image/format=auto,quality=85/https%3A%2F%2Fcdn1.bim.com.tr%2Fuploads%2Fafisler%2F10bc1325-63e4-4b2a-90ca-a8f70ed96c75.jpg"
afisler.aspx_034.webp,250394,1127,1690,88d1d4444aebd1eb1c767379d23c9d64c0b4128d,https://cdn1.bim.com.tr/uploads/afisler/ff535e74-c471-432e-ab33-b49a4a2865cf.jpg,"https://resimler-211.pages.dev/Brochures/Brochures/BIM/cdn-cgi/image/format=auto,quality=85/https://cdn1.bim.com.tr/uploads/afisler/ff535e74-c471-432e-ab33-b49a4a2865cf.jpg","https://resimler-211.pages.dev/Brochures/Brochures/BIM/cdn-cgi/image/format=auto,quality=85/https%3A%2F%2Fcdn1.bim.com.tr%2Fuploads%2Fafisler%2Fff535e74-c471-432e-ab33-b49a4a2865cf.jpg"
afisler.aspx_035.webp,335324,1127,1690,d73e50c00181cfcdeb54f03d0073680c89e68ba4,https://cdn1.bim.com.tr/uploads/afisler/a5cc4d46-1c79-46c8-8091-defbea887151.jpg,"https://resimler-211.pages.dev/Brochures/Brochures/BIM/cdn-cgi/image/format=auto,quality=85/https://cdn1.bim.com.tr/uploads/afisler/a5cc4d46-1c79-46c8-8091-defbea887151.jpg","https://resimler-211.pages.dev/Brochures/Brochures/BIM/cdn-cgi/image/format=auto,quality=85/https%3A%2F%2Fcdn1.bim.com.tr%2Fuploads%2Fafisler%2Fa5cc4d46-1c79-46c8-8091-defbea887151.jpg"
afisler.aspx_036.webp,222840,1127,1690,73e9fe06d086d5caa753f1e8f4b643a303926f33,https://cdn1.bim.com.tr/uploads/afisler/154d7e16-9fa4-4d81-896c-7dd0354a80d3.jpg,"https://resimler-211.pages.dev/Brochures/Brochures/BIM/cdn-cgi/image/format=auto,quality=85/https://cdn1.bim.com.tr/uploads/afisler/154d7e16-9fa4-4d81-896c-7dd0354a80d3.jpg","https://resimler-211.pages.dev/Brochures/Brochures/BIM/cdn-cgi/image/format=auto,quality=85/https%3A%2F%2Fcdn1.bim.com.tr%2Fuploads%2Fafisler%2F154d7e16-9fa4-4d81-896c-7dd0354a80d3.jpg"
afisler.aspx_037.webp,249246,1127,1690,6ec104edffba04e25643db9ac486ba48aeb47135,https://cdn1.bim.com.tr/uploads/afisler/0565388b-6c65-466b-9265-66b1ad29f29c.jpg,"https://resimler-211.pages.dev/Brochures/Brochures/BIM/cdn-cgi/image/format=auto,quality=85/https://cdn1.bim.com.tr/uploads/afisler/0565388b-6c65-466b-9265-66b1ad29f29c.jpg","https://resimler-211.pages.dev/Brochures/Brochures/BIM/cdn-cgi/image/format=auto,quality=85/https%3A%2F%2Fcdn1.bim.com.tr%2Fuploads%2Fafisler%2F0565388b-6c65-466b-9265-66b1ad29f29c.jpg"
afisler.aspx_038.webp,262640,1127,1690,f0cdd2fa9ca4a03a03d4872639ec7acf75fd12d2,https://cdn1.bim.com.tr/uploads/afisler/93a35b4c-ec76-4286-b3a2-dec8415e3e14.jpg,"https://resimler-211.pages.dev/Brochures/Brochures/BIM/cdn-cgi/image/format=auto,quality=85/https://cdn1.bim.com.tr/uploads/afisler/93a35b4c-ec76-4286-b3a2-dec8415e3e14.jpg","https://resimler-211.pages.dev/Brochures/Brochures/BIM/cdn-cgi/image/format=auto,quality=85/https%3A%2F%2Fcdn1.bim.com.tr%2Fuploads%2Fafisler%2F93a35b4c-ec76-4286-b3a2-dec8415e3e14.jpg"
afisler.aspx_039.webp,275850,1127,1690,a482c89b0b63b038c31d69dd196618658acc40a7,https://cdn1.bim.com.tr/uploads/afisler/4587bc86-fbee-4ef6-a0dd-5eae0b5281bd.jpg,"https://resimler-211.pages.dev/Brochures/Brochures/BIM/cdn-cgi/image/format=auto,quality=85/https://cdn1.bim.com.tr/uploads/afisler/4587bc86-fbee-4ef6-a0dd-5eae0b5281bd.jpg","https://resimler-211.pages.dev/Brochures/Brochures/BIM/cdn-cgi/image/format=auto,quality=85/https%3A%2F%2Fcdn1.bim.com.tr%2Fuploads%2Fafisler%2F4587bc86-fbee-4ef6-a0dd-5eae0b5281bd.jpg"
afisler.aspx_040.webp,282306,1127,1690,5eb29b0d0ce831c2cf5a23e92cb046f053d1d4f1,https://cdn1.bim.com.tr/uploads/afisler/0847b527-352c-4ec0-b061-31410e575ce3.jpg,"https://resimler-211.pages.dev/Brochures/Brochures/BIM/cdn-cgi/image/format=auto,quality=85/https://cdn1.bim.com.tr/uploads/afisler/0847b527-352c-4ec0-b061-31410e575ce3.jpg","https://resimler-211.pages.dev/Brochures/Brochures/BIM/cdn-cgi/image/format=auto,quality=85/https%3A%2F%2Fcdn1.bim.com.tr%2Fuploads%2Fafisler%2F0847b527-352c-4ec0-b061-31410e575ce3.jpg"
afisler.aspx_041.webp,306096,1127,1690,d291727b256d939dbf0a3dc2d1395ddfb753cd63,https://cdn1.bim.com.tr/uploads/afisler/6a4f1f7c-435e-42ae-b9a3-d4b37b14e2cd.jpg,"https://resimler-211.pages.dev/Brochures/Brochures/BIM/cdn-cgi/image/format=auto,quality=85/https://cdn1.bim.com.tr/uploads/afisler/6a4f1f7c-435e-42ae-b9a3-d4b37b14e2cd.jpg","https://resimler-211.pages.dev/Brochures/Brochures/BIM/cdn-cgi/image/format=auto,quality=85/https%3A%2F%2Fcdn1.bim.com.tr%2Fuploads%2Fafisler%2F6a4f1f7c-435e-42ae-b9a3-d4b37b14e2cd.jpg"
afisler.aspx_042.webp,321080,1127,1690,26295c39cbf3fa1b233394a6436f695f2ab17498,https://cdn1.bim.com.tr/uploads/afisler/37fc0ce5-baa8-4862-a84b-1dd99e596a41.jpg,"https://resimler-211.pages.dev/Brochures/Brochures/BIM/cdn-cgi/image/format=auto,quality=85/https://cdn1.bim.com.tr/uploads/afisler/37fc0ce5-baa8-4862-a84b-1dd99e596a41.jpg","https://resimler-211.pages.dev/Brochures/Brochures/BIM/cdn-cgi/image/format=auto,quality=85/https%3A%2F%2Fcdn1.bim.com.tr%2Fuploads%2Fafisler%2F37fc0ce5-baa8-4862-a84b-1dd99e596a41.jpg"
afisler.aspx_043.webp,224218,1127,1690,5a5d97945ba9c05d5f69531c0b0f8455b1f69799,https://cdn1.bim.com.tr/uploads/afisler/752ac756-c0f3-4697-aa26-7c20aade5b1c.jpg,"https://resimler-211.pages.dev/Brochures/Brochures/BIM/cdn-cgi/image/format=auto,quality=85/https://cdn1.bim.com.tr/uploads/afisler/752ac756-c0f3-4697-aa26-7c20aade5b1c.jpg","https://resimler-211.pages.dev/Brochures/Brochures/BIM/cdn-cgi/image/format=auto,quality=85/https%3A%2F%2Fcdn1.bim.com.tr%2Fuploads%2Fafisler%2F752ac756-c0f3-4697-aa26-7c20aade5b1c.jpg"
afisler.aspx_044.webp,205746,1127,1690,dbd0ef69c85bb2156ff3a7a15ddbdc15d00e738e,https://cdn1.bim.com.tr/uploads/afisler/7ae25475-3975-47a0-837f-6977abf688ae.jpeg,"https://resimler-211.pages.dev/Brochures/Brochures/BIM/cdn-cgi/image/format=auto,quality=85/https://cdn1.bim.com.tr/uploads/afisler/7ae25475-3975-47a0-837f-6977abf688ae.jpeg","https://resimler-211.pages.dev/Brochures/Brochures/BIM/cdn-cgi/image/format=auto,quality=85/https%3A%2F%2Fcdn1.bim.com.tr%2Fuploads%2Fafisler%2F7ae25475-3975-47a0-837f-6977abf688ae.jpeg"
